[{"model": "admin.logentry", "pk": 1, "fields": {"action_time": "2023-01-13T09:23:50.706Z", "user": "admin", "content_type": 6, "object_id": "Кирилл", "object_repr": "Кирилл", "action_flag": 1, "change_message": "[{\"added\": {}}]"}}, {"model": "admin.logentry", "pk": 2, "fields": {"action_time": "2023-01-13T09:24:09.431Z", "user": "admin", "content_type": 6, "object_id": "Михаил", "object_repr": "Михаил", "action_flag": 1, "change_message": "[{\"added\": {}}]"}}, {"model": "admin.logentry", "pk": 3, "fields": {"action_time": "2023-01-13T14:49:30.161Z", "user": "admin", "content_type": 8, "object_id": "1", "object_repr": "dish object (1)", "action_flag": 1, "change_message": "[{\"added\": {}}]"}}, {"model": "admin.logentry", "pk": 4, "fields": {"action_time": "2023-01-13T14:49:46.534Z", "user": "admin", "content_type": 8, "object_id": "1", "object_repr": "dish object (1)", "action_flag": 3, "change_message": ""}}, {"model": "admin.logentry", "pk": 5, "fields": {"action_time": "2023-01-13T14:53:07.668Z", "user": "admin", "content_type": 8, "object_id": "1", "object_repr": "dish object (1)", "action_flag": 1, "change_message": "[{\"added\": {}}]"}}, {"model": "admin.logentry", "pk": 6, "fields": {"action_time": "2023-01-13T16:05:59.257Z", "user": "admin", "content_type": 8, "object_id": "2", "object_repr": "dish object (2)", "action_flag": 1, "change_message": "[{\"added\": {}}]"}}, {"model": "admin.logentry", "pk": 7, "fields": {"action_time": "2023-01-13T16:25:35.017Z", "user": "admin", "content_type": 8, "object_id": "3", "object_repr": "dish object (3)", "action_flag": 1, "change_message": "[{\"added\": {}}]"}}, {"model": "admin.logentry", "pk": 8, "fields": {"action_time": "2023-01-13T16:41:49.220Z", "user": "admin", "content_type": 8, "object_id": "4", "object_repr": "dish object (4)", "action_flag": 1, "change_message": "[{\"added\": {}}]"}}, {"model": "auth.permission", "pk": 1, "fields": {"name": "Can add log entry", "content_type": 1, "codename": "add_logentry"}}, {"model": "auth.permission", "pk": 2, "fields": {"name": "Can change log entry", "content_type": 1, "codename": "change_logentry"}}, {"model": "auth.permission", "pk": 3, "fields": {"name": "Can delete log entry", "content_type": 1, "codename": "delete_logentry"}}, {"model": "auth.permission", "pk": 4, "fields": {"name": "Can view log entry", "content_type": 1, "codename": "view_logentry"}}, {"model": "auth.permission", "pk": 5, "fields": {"name": "Can add permission", "content_type": 2, "codename": "add_permission"}}, {"model": "auth.permission", "pk": 6, "fields": {"name": "Can change permission", "content_type": 2, "codename": "change_permission"}}, {"model": "auth.permission", "pk": 7, "fields": {"name": "Can delete permission", "content_type": 2, "codename": "delete_permission"}}, {"model": "auth.permission", "pk": 8, "fields": {"name": "Can view permission", "content_type": 2, "codename": "view_permission"}}, {"model": "auth.permission", "pk": 9, "fields": {"name": "Can add group", "content_type": 3, "codename": "add_group"}}, {"model": "auth.permission", "pk": 10, "fields": {"name": "Can change group", "content_type": 3, "codename": "change_group"}}, {"model": "auth.permission", "pk": 11, "fields": {"name": "Can delete group", "content_type": 3, "codename": "delete_group"}}, {"model": "auth.permission", "pk": 12, "fields": {"name": "Can view group", "content_type": 3, "codename": "view_group"}}, {"model": "auth.permission", "pk": 13, "fields": {"name": "Can add content type", "content_type": 4, "codename": "add_contenttype"}}, {"model": "auth.permission", "pk": 14, "fields": {"name": "Can change content type", "content_type": 4, "codename": "change_contenttype"}}, {"model": "auth.permission", "pk": 15, "fields": {"name": "Can delete content type", "content_type": 4, "codename": "delete_contenttype"}}, {"model": "auth.permission", "pk": 16, "fields": {"name": "Can view content type", "content_type": 4, "codename": "view_contenttype"}}, {"model": "auth.permission", "pk": 17, "fields": {"name": "Can add session", "content_type": 5, "codename": "add_session"}}, {"model": "auth.permission", "pk": 18, "fields": {"name": "Can change session", "content_type": 5, "codename": "change_session"}}, {"model": "auth.permission", "pk": 19, "fields": {"name": "Can delete session", "content_type": 5, "codename": "delete_session"}}, {"model": "auth.permission", "pk": 20, "fields": {"name": "Can view session", "content_type": 5, "codename": "view_session"}}, {"model": "auth.permission", "pk": 21, "fields": {"name": "Can add user", "content_type": 6, "codename": "add_user"}}, {"model": "auth.permission", "pk": 22, "fields": {"name": "Can change user", "content_type": 6, "codename": "change_user"}}, {"model": "auth.permission", "pk": 23, "fields": {"name": "Can delete user", "content_type": 6, "codename": "delete_user"}}, {"model": "auth.permission", "pk": 24, "fields": {"name": "Can view user", "content_type": 6, "codename": "view_user"}}, {"model": "auth.permission", "pk": 25, "fields": {"name": "Can add daily report", "content_type": 7, "codename": "add_dailyreport"}}, {"model": "auth.permission", "pk": 26, "fields": {"name": "Can change daily report", "content_type": 7, "codename": "change_dailyreport"}}, {"model": "auth.permission", "pk": 27, "fields": {"name": "Can delete daily report", "content_type": 7, "codename": "delete_dailyreport"}}, {"model": "auth.permission", "pk": 28, "fields": {"name": "Can view daily report", "content_type": 7, "codename": "view_dailyreport"}}, {"model": "auth.permission", "pk": 29, "fields": {"name": "Can add dish", "content_type": 8, "codename": "add_dish"}}, {"model": "auth.permission", "pk": 30, "fields": {"name": "Can change dish", "content_type": 8, "codename": "change_dish"}}, {"model": "auth.permission", "pk": 31, "fields": {"name": "Can delete dish", "content_type": 8, "codename": "delete_dish"}}, {"model": "auth.permission", "pk": 32, "fields": {"name": "Can view dish", "content_type": 8, "codename": "view_dish"}}, {"model": "auth.permission", "pk": 33, "fields": {"name": "Can add dish composition", "content_type": 9, "codename": "add_dishcomposition"}}, {"model": "auth.permission", "pk": 34, "fields": {"name": "Can change dish composition", "content_type": 9, "codename": "change_dishcomposition"}}, {"model": "auth.permission", "pk": 35, "fields": {"name": "Can delete dish composition", "content_type": 9, "codename": "delete_dishcomposition"}}, {"model": "auth.permission", "pk": 36, "fields": {"name": "Can view dish composition", "content_type": 9, "codename": "view_dishcomposition"}}, {"model": "auth.permission", "pk": 37, "fields": {"name": "Can add product", "content_type": 10, "codename": "add_product"}}, {"model": "auth.permission", "pk": 38, "fields": {"name": "Can change product", "content_type": 10, "codename": "change_product"}}, {"model": "auth.permission", "pk": 39, "fields": {"name": "Can delete product", "content_type": 10, "codename": "delete_product"}}, {"model": "auth.permission", "pk": 40, "fields": {"name": "Can view product", "content_type": 10, "codename": "view_product"}}, {"model": "auth.permission", "pk": 41, "fields": {"name": "Can add recipe", "content_type": 11, "codename": "add_recipe"}}, {"model": "auth.permission", "pk": 42, "fields": {"name": "Can change recipe", "content_type": 11, "codename": "change_recipe"}}, {"model": "auth.permission", "pk": 43, "fields": {"name": "Can delete recipe", "content_type": 11, "codename": "delete_recipe"}}, {"model": "auth.permission", "pk": 44, "fields": {"name": "Can view recipe", "content_type": 11, "codename": "view_recipe"}}, {"model": "contenttypes.contenttype", "pk": 1, "fields": {"app_label": "admin", "model": "logentry"}}, {"model": "contenttypes.contenttype", "pk": 2, "fields": {"app_label": "auth", "model": "permission"}}, {"model": "contenttypes.contenttype", "pk": 3, "fields": {"app_label": "auth", "model": "group"}}, {"model": "contenttypes.contenttype", "pk": 4, "fields": {"app_label": "contenttypes", "model": "contenttype"}}, {"model": "contenttypes.contenttype", "pk": 5, "fields": {"app_label": "sessions", "model": "session"}}, {"model": "contenttypes.contenttype", "pk": 6, "fields": {"app_label": "login", "model": "user"}}, {"model": "contenttypes.contenttype", "pk": 7, "fields": {"app_label": "main_app", "model": "dailyreport"}}, {"model": "contenttypes.contenttype", "pk": 8, "fields": {"app_label": "main_app", "model": "dish"}}, {"model": "contenttypes.contenttype", "pk": 9, "fields": {"app_label": "main_app", "model": "dishcomposition"}}, {"model": "contenttypes.contenttype", "pk": 10, "fields": {"app_label": "main_app", "model": "product"}}, {"model": "contenttypes.contenttype", "pk": 11, "fields": {"app_label": "main_app", "model": "recipe"}}, {"model": "sessions.session", "pk": "nxqv9vln368xkhv9xj4jr1wda5vv7ppi", "fields": {"session_data": ".eJxVjMEKwjAQRP8lZwlJu20Sj977B0LZ7G5tVRpom5P47xosqJfHwMybh-oxb2OfV1n6idVRnbMBi4W1LwTzzXX8UB1-tYh0k7m4fMX5kjSleVumqMtE7-2qu8RyP-3bv4MR1_Ftowwmgif0aJ2tgHzAYQBurQuupQjsmYOAWKQGoAqEDZN10QWQSmr1fAGWfUKh:1pH0Ox:h87haJdLRFRGnpl3qudAnNiT3ExWcpQ58a1rYcpCEPM", "expire_date": "2023-01-29T10:38:11.205Z"}}, {"model": "sessions.session", "pk": "r1zajtti3rjq9d8zyb8oqimopit958dw", "fields": {"session_data": ".eJxVjMEKwjAQRP8lZwlJu20Sj977B0LZ7G5tVRpom5P47xopqJdhmJk3D9Vj3sY-r7L0E6ujOmcDlorWvig0H2--SR3V4ReLSDeZC8tXnC9JU5q3ZYq6TPTerrpLLPfTvv07GHEd3zTKYCJ4Qo_W2QrIBxwG4Na64FqKwJ45CIhFagCqQNgwWRddAKmkVs8XfARCdg:1pGxd0:kYqMX-g6YktwpCv14jTkwR8KJUlh26vAsH4QEOcDbXk", "expire_date": "2023-01-29T07:40:30.404Z"}}, {"model": "login.user", "pk": "admin", "fields": {"password": "a$538541", "position": "Разработчик БД", "groups": [], "user_permissions": []}}, {"model": "login.user", "pk": "Кирилл", "fields": {"password": "a$12345", "position": "Шеф-повар", "groups": [], "user_permissions": []}}, {"model": "login.user", "pk": "Михаил", "fields": {"password": "a$12345", "position": "Руководитель склада", "groups": [], "user_permissions": []}}, {"model": "main_app.dish", "pk": 2, "fields": {"type": "Второе", "img": "media/images/home_ratatyi_wUBhgPf.jpg"}}, {"model": "main_app.dish", "pk": 3, "fields": {"type": "Грузинское", "img": "media/images/hachapuri-po-adzharski-1300x827.jpg"}}, {"model": "main_app.dish", "pk": 4, "fields": {"type": "Второе", "img": "media/images/hek_KdAJG6z.jpg"}}, {"model": "main_app.dish", "pk": 5, "fields": {"type": "Мясное", "img": "media/images/tushenaya-govyadina-so-slivochnim-maslom.jpg"}}, {"model": "main_app.product", "pk": 1, "fields": {"name": "Говядина", "weight": 200, "calories": 300, "price": "400.00"}}, {"model": "main_app.product", "pk": 2, "fields": {"name": "Капуста Крутая", "weight": 1000, "calories": 200, "price": "200.00"}}, {"model": "main_app.product", "pk": 3, "fields": {"name": "Свекла", "weight": 250, "calories": 50, "price": "50.00"}}, {"model": "main_app.product", "pk": 4, "fields": {"name": "Продукт3", "weight": 200, "calories": 200, "price": "200.00"}}, {"model": "main_app.product", "pk": 5, "fields": {"name": "Продукт5", "weight": 200, "calories": 200, "price": "200.00"}}, {"model": "main_app.product", "pk": 6, "fields": {"name": "Помидор", "weight": 100, "calories": 100, "price": "200.00"}}, {"model": "main_app.product", "pk": 7, "fields": {"name": "Сельдерей", "weight": 200, "calories": 200, "price": "200.00"}}, {"model": "main_app.product", "pk": 8, "fields": {"name": "Красная капуста", "weight": 200, "calories": 200, "price": "200.21"}}, {"model": "main_app.product", "pk": 9, "fields": {"name": "Корица", "weight": 200, "calories": 200, "price": "200.00"}}, {"model": "main_app.product", "pk": 10, "fields": {"name": "Сахар", "weight": 200, "calories": 200, "price": "200.00"}}, {"model": "main_app.product", "pk": 11, "fields": {"name": "Соль", "weight": 200, "calories": 200, "price": "200.00"}}, {"model": "main_app.product", "pk": 12, "fields": {"name": "Соль морская", "weight": 200, "calories": 200, "price": "200.00"}}, {"model": "main_app.product", "pk": 13, "fields": {"name": "Лосось", "weight": 2000, "calories": 500, "price": "2500.00"}}, {"model": "main_app.product", "pk": 14, "fields": {"name": "Пшеничная мука", "weight": 100, "calories": 50, "price": "75.00"}}, {"model": "main_app.product", "pk": 15, "fields": {"name": "Молоко", "weight": 50, "calories": 35, "price": "60.00"}}, {"model": "main_app.product", "pk": 16, "fields": {"name": "Растительное масло", "weight": 25, "calories": 30, "price": "250.00"}}, {"model": "main_app.product", "pk": 17, "fields": {"name": "Сухие дрожжи", "weight": 10, "calories": 35, "price": "400.00"}}, {"model": "main_app.product", "pk": 18, "fields": {"name": "Сахар", "weight": 10, "calories": 60, "price": "100.00"}}, {"model": "main_app.product", "pk": 19, "fields": {"name": "Соль", "weight": 10, "calories": 50, "price": "100.00"}}, {"model": "main_app.product", "pk": 20, "fields": {"name": "Сыр чедер", "weight": 100, "calories": 300, "price": "600.00"}}, {"model": "main_app.product", "pk": 21, "fields": {"name": "Яйцо", "weight": 50, "calories": 150, "price": "110.00"}}, {"model": "main_app.product", "pk": 22, "fields": {"name": "Сливочное масло", "weight": 50, "calories": 45, "price": "250.00"}}, {"model": "main_app.recipe", "pk": 1, "fields": {"name": "Азу по-татарскиииииииииии", "cooking_time": 30, "cooking_technology": "какой то текст"}}, {"model": "main_app.recipe", "pk": 2, "fields": {"name": "Домашний рататуй", "cooking_time": 30, "cooking_technology": "Рататуй — французское блюдо, принадлежащее к прованской кухне, в классическом варианте готовится из свежего перца, сладких томатов, лука, чеснока и, конечно, кабачков. Первые упоминания о нем датируются 18 веком, когда блюдо было популярно среди бедных крестьян. Сегодня в рататуй добавляют баклажаны, которые ощутимо добавляют ему сытости. Важный элемент блюда — травы."}}, {"model": "main_app.recipe", "pk": 3, "fields": {"name": "Хачапури по аджарски", "cooking_time": 120, "cooking_technology": "Возьмите большую миску и просейте в нее муку. Важно просеять муку, чтобы насытить ее кислородом.  Перемешайте. Молоко подогрейте до теплого состояния, температуры 37-38 градусов. Продолжите замес руками. Накройте миску с тестом и уберите ее в теплое место для подъема на 1 час. Натрите сыр на крупной терке. Рабочую поверхность припылите мукой. Выложите на нее одну часть теста и раскатайте ее в продолговатый пласт толщиной 5-7 мм. Выложите на длинные края полоски сыра. Закрутите края, заворачивая сыр, с обеих сторон. Выложите в середину лодочек сыр. Небольшой кусочек сливочного масла растопите в микроволновке или на плите. Смажьте им края лодочек. Поставьте противень в духовку, заранее разогретую до 180°С. Пеките хачапури до золотистого цвета, 15-20 минут. Выньте готовые хачапури. В центре вилкой сделайте небольшое отверстие и влейте в него желток."}}, {"model": "main_app.recipe", "pk": 4, "fields": {"name": "Хек в зеленом чесночном соусе", "cooking_time": 30, "cooking_technology": "Зеленый соус — смесь оливкового масла, чеснока и петрушки — главная основа для блюд из морепродуктов в испанской кухне. Особенно часто его используют с кальмарами и креветками. Дополнительные ингредиенты — сок лимона, белое сухое вино и мука — добавляются по вдохновению, точно так же как и морепродукты по вдохновению заменяются на хека (он же мерлуза), рыбу в Испании чрезвычайно популярную. Хек в зеленом чесночном соусе получится очень сочным, если готовить его не торопясь, на среднем огне. В блюдо можно еще добавить столовую ложку каперсов или измельченные консервированные анчоусы."}}, {"model": "main_app.recipe", "pk": 5, "fields": {"name": "Тушеная говядина", "cooking_time": 60, "cooking_technology": "Честная зимняя еда, которая может облагородить любой кусок не слишком нежной духовой говядины. Самые упорные части говяжьей туши на выходе получаются как раз самыми вкусными: в результате длительной термической нагрузки волокна размягчаются, но не теряют мясной насыщенности, а из-за обилия коллагеновых жилок восхитительно густеет соус. Кроме времени, этот рецепт тушеной говядины не требует практически ничего — только зажарку из моркови и лука, которая карамелизирует мясные кусочки, и разного вида перец — душистый, паприку и обычный черный — для аккуратной остроты."}}, {"model": "main_app.dishcomposition", "pk": 1, "fields": {"dish": 2, "product": 2, "product_count": 2}}, {"model": "main_app.dishcomposition", "pk": 2, "fields": {"dish": 4, "product": 7, "product_count": 3}}, {"model": "main_app.dishcomposition", "pk": 3, "fields": {"dish": 4, "product": 5, "product_count": 3}}, {"model": "main_app.dishcomposition", "pk": 4, "fields": {"dish": 5, "product": 1, "product_count": 1}}, {"model": "main_app.dishcomposition", "pk": 5, "fields": {"dish": 5, "product": 6, "product_count": 2}}, {"model": "main_app.dishcomposition", "pk": 6, "fields": {"dish": 3, "product": 14, "product_count": 4}}, {"model": "main_app.dishcomposition", "pk": 7, "fields": {"dish": 3, "product": 15, "product_count": 5}}, {"model": "main_app.dishcomposition", "pk": 8, "fields": {"dish": 3, "product": 16, "product_count": 2}}, {"model": "main_app.dishcomposition", "pk": 9, "fields": {"dish": 3, "product": 17, "product_count": 1}}, {"model": "main_app.dishcomposition", "pk": 10, "fields": {"dish": 3, "product": 20, "product_count": 5}}, {"model": "main_app.dishcomposition", "pk": 11, "fields": {"dish": 3, "product": 21, "product_count": 2}}, {"model": "main_app.dishcomposition", "pk": 12, "fields": {"dish": 3, "product": 22, "product_count": 1}}]